use sbpm_groupware;

START TRANSACTION WITH CONSISTENT SNAPSHOT;

TRUNCATE TABLE groups;
TRUNCATE TABLE process;
TRUNCATE TABLE process_graphs;
TRUNCATE TABLE relation;
TRUNCATE TABLE users;
TRUNCATE TABLE users_x_groups;

INSERT INTO `users` (`ID`, `name`) VALUES
(1, 'Admin'),
(2, 'jhartwig'),
(3, 'mschrammek'),
(4, 'aroeder'),
(5, 'sborgert'),
(6, 'pbeyer');

INSERT INTO `groups` (`ID`, `name`) VALUES
(1, 'Manager'),
(2, 'Employee'),
(3, 'HR');

INSERT INTO `users_x_groups` (`userID`, `groupID`) VALUES
(2, 1),
(3, 1),
(4, 2),
(5, 2),
(6, 3);

INSERT INTO `process` (`ID`, `name`, `startSubjects`, `graphID`) VALUES
(1, 'Urlaubsantrag', '["2"]', 1);

INSERT INTO `process_graphs` (`ID`, `graph`) VALUES
(1, 0x5b7b226964223a22456d706c6f796565222c226e616d65223a22456d706c6f796565222c226e6f646573223a5b7b226964223a227374617274222c2274657874223a2266696c6c206f7574207661636174696f6e2072657175657374222c227374617274223a747275652c22656e64223a66616c73652c2274797065223a22616374696f6e227d2c7b226964223a227331222c2274657874223a2253222c227374617274223a66616c73652c22656e64223a66616c73652c2274797065223a2273656e64227d2c7b226964223a227231222c2274657874223a2252222c227374617274223a66616c73652c22656e64223a66616c73652c2274797065223a2272656365697665227d2c7b226964223a2261637431222c2274657874223a2274616b653c62723e7661636174696f6e222c227374617274223a66616c73652c22656e64223a66616c73652c2274797065223a22616374696f6e227d2c7b226964223a2261637432222c2274657874223a22636865636b3c62723e64656e69616c3c62723e726561736f6e222c227374617274223a66616c73652c22656e64223a66616c73652c2274797065223a22616374696f6e227d2c7b226964223a2261637433222c2274657874223a2261646170743c62723e7661636174696f6e3c62723e72657175657374222c227374617274223a66616c73652c22656e64223a66616c73652c2274797065223a22616374696f6e227d2c7b226964223a22656e64222c2274657874223a22656e64222c227374617274223a66616c73652c22656e64223a747275652c2274797065223a22656e64227d5d2c226564676573223a5b7b227374617274223a227374617274222c22656e64223a227331222c2274657874223a22222c22746172676574223a22227d2c7b227374617274223a227331222c22656e64223a227231222c2274657874223a227661636174696f6e3c62723e72657175657374222c22746172676574223a224d616e61676572227d2c7b227374617274223a227231222c22656e64223a2261637432222c2274657874223a2264656e69616c222c22746172676574223a224d616e61676572227d2c7b227374617274223a227231222c22656e64223a2261637431222c2274657874223a22617070726f76616c222c22746172676574223a224d616e61676572227d2c7b227374617274223a2261637431222c22656e64223a22656e64222c2274657874223a22222c22746172676574223a22227d2c7b227374617274223a2261637432222c22656e64223a2261637433222c2274657874223a22222c22746172676574223a22227d2c7b227374617274223a2261637432222c22656e64223a22656e64222c2274657874223a226164617074696f6e3c62723e6e6f7420706f737369626c65222c22746172676574223a22227d2c7b227374617274223a2261637433222c22656e64223a227374617274222c2274657874223a22222c22746172676574223a22227d5d7d2c7b226964223a224d616e61676572222c226e616d65223a224d616e61676572222c226e6f646573223a5b7b226964223a2272637631222c2274657874223a2252222c227374617274223a747275652c22656e64223a66616c73652c2274797065223a2272656365697665227d2c7b226964223a2261637431222c2274657874223a227265766965773c62723e7661636174696f6e3c62723e72657175657374222c227374617274223a66616c73652c22656e64223a66616c73652c2274797065223a22616374696f6e227d2c7b226964223a227331222c2274657874223a2253222c227374617274223a66616c73652c22656e64223a66616c73652c2274797065223a2273656e64227d2c7b226964223a227332222c2274657874223a2253222c227374617274223a66616c73652c22656e64223a66616c73652c2274797065223a2273656e64227d2c7b226964223a227333222c2274657874223a2253222c227374617274223a66616c73652c22656e64223a66616c73652c2274797065223a2273656e64227d2c7b226964223a22656e64222c2274657874223a22222c227374617274223a66616c73652c22656e64223a66616c73652c2274797065223a22616374696f6e227d5d2c226564676573223a5b7b227374617274223a2272637631222c22656e64223a2261637431222c2274657874223a227661636174696f6e3c62723e72657175657374222c22746172676574223a22456d706c6f796565227d2c7b227374617274223a2261637431222c22656e64223a227331222c2274657874223a2264656e69616c222c22746172676574223a22227d2c7b227374617274223a2261637431222c22656e64223a227332222c2274657874223a22617070726f76616c222c22746172676574223a22227d2c7b227374617274223a227331222c22656e64223a2272637631222c2274657874223a2264656e69616c222c22746172676574223a22456d706c6f796565227d2c7b227374617274223a227332222c22656e64223a227333222c2274657874223a22617070726f76616c222c22746172676574223a22456d706c6f796565227d2c7b227374617274223a227333222c22656e64223a22656e64222c2274657874223a22617070726f7665643c62723e7661636174696f6e3c62723e72657175657374222c22746172676574223a224852227d5d7d2c7b226964223a224852222c226e616d65223a2248756d616e5265736f7572636573222c226e6f646573223a5b7b226964223a2272637631222c2274657874223a2252222c227374617274223a747275652c22656e64223a66616c73652c2274797065223a2272656365697665227d2c7b226964223a2261637431222c2274657874223a22617263686976653c62723e7661636174696f6e2072657175657374222c227374617274223a66616c73652c22656e64223a66616c73652c2274797065223a22616374696f6e227d2c7b226964223a22656e64222c2274657874223a22222c227374617274223a66616c73652c22656e64223a66616c73652c2274797065223a22616374696f6e227d5d2c226564676573223a5b7b227374617274223a2272637631222c22656e64223a2261637431222c2274657874223a22617070726f7665643c62723e7661636174696f6e3c62723e72657175657374222c22746172676574223a224d616e61676572227d2c7b227374617274223a2261637431222c22656e64223a22656e64222c2274657874223a227661636174696f6e3c62723e726571756573743c62723e6172636869766564222c22746172676574223a22227d5d7d5d);

INSERT INTO `relation` (`userID`, `groupID`, `responsibleID`, `processID`) VALUES
(0, 1, 2, 1),
(0, 2, 4, 1),
(0, 3, 6, 1);

COMMIT;